<?xml version="1.0" encoding="UTF-8"?>
<!DOCTYPE j8583-config PUBLIC "-//J8583//DTD CONFIG 1.0//EN"
	"http://j8583.sourceforge.net/j8583.dtd">
<j8583-config>
	<header type="1200">ISO93</header>
	<header type="1210">ISO93</header>

	<template type="1200" />
	<template type="1210" />

	<parse type="1200">
		<field num="2" type="LLVAR" />
		<field num="3" type="NUMERIC" length="6" />
		<field num="4" type="NUMERIC" length="16" />
		<field num="11" type="ALPHA" length="12" />
		<field num="12" type="NUMERIC" length="14" />
		<field num="17" type="NUMERIC" length="8" />
		<field num="24" type="NUMERIC" length="3" />
		<field num="32" type="LLVAR" />
		<field num="49" type="NUMERIC" length="3" />
		<field num="102" type="LLVAR" />
		<field num="103" type="LLVAR" />
		<field num="123" type="LLVAR" />
		<field num="124" type="LLLVAR" />
		<field num="125" type="LLLVAR" />
	</parse>

	<parse type="1210">
		<field num="2" type="LLVAR" />
		<field num="3" type="NUMERIC" length="6" />
		<field num="4" type="NUMERIC" length="16" />
		<field num="11" type="ALPHA" length="12" />
		<field num="12" type="NUMERIC" length="14" />
		<field num="17" type="NUMERIC" length="8" />
		<field num="24" type="NUMERIC" length="3" />
		<field num="32" type="LLVAR" />
		<field num="38" type="LLVAR" />
		<field num="39" type="NUMERIC" length="6" />
		<field num="48" type="LLLVAR" />
		<field num="49" type="NUMERIC" length="3" />
		<field num="102" type="LLVAR" />
		<field num="103" type="LLVAR" />
		<field num="123" type="LLVAR" />
		<field num="124" type="LLLVAR" />
		<field num="125" type="LLLVAR" />
	</parse>

</j8583-config>